{
    "$schema": "https://schema.management.azure.com/schemas/2015-01-01/deploymentParameters.json#",
    "contentVersion": "1.0.0.0",
    "parameters": {
        "location": {
            "value": "centralus"
        },
        "virtualMachineName": {
            "value": "servicesb"
        },
        "virtualMachineSize": {
            "value": "Standard_DS2_v2"
        },
        "adminUsername": {
            "value": "winpisces"
        },
        "storageAccountName": {
            "value": "cloudstorageprm58"
        },
        "virtualNetworkName": {
            "value": "HaproxyVNet58"
        },
        "networkInterfaceName": {
            "value": "servicesb67"
        },
        "networkSecurityGroupName": {
            "value": "NSG58"
        },
        "adminPassword": {
            "value": null
        },
        "subnetName": {
            "value": "default"
        },
        "publicIpAddressName": {
            "value": "servicesb-ip"
        },
        "publicIpAddressType": {
            "value": "Dynamic"
        }
    }
}